{
	"credit": "Made with Blockbench",
	"texture_size": [64, 64],
	"textures": {
		"0": "minecraft:item/heart_pottery_sherd",
		"particle": "minecraft:item/heart_pottery_sherd"
	},
	"elements": [
		{
			"from": [4, 0, 4],
			"to": [5, 9, 12],
			"rotation": {"angle": 0, "axis": "y", "origin": [4, 0, 4]},
			"faces": {
				"north": {"uv": [3, 6.75, 3.25, 9], "texture": "#0"},
				"east": {"uv": [0, 0, 2, 2.25], "texture": "#0"},
				"south": {"uv": [3.25, 6.75, 3.5, 9], "texture": "#0"},
				"west": {"uv": [2, 0, 4, 2.25], "texture": "#0"},
				"up": {"uv": [3.75, 9, 3.5, 7], "texture": "#0"},
				"down": {"uv": [4, 7, 3.75, 9], "texture": "#0"}
			}
		},
		{
			"from": [11, 0, 4],
			"to": [12, 9, 12],
			"rotation": {"angle": 0, "axis": "y", "origin": [11, 0, 4]},
			"faces": {
				"north": {"uv": [0, 7, 0.25, 9.25], "texture": "#0"},
				"east": {"uv": [0, 2.25, 2, 4.5], "texture": "#0"},
				"south": {"uv": [0.25, 7, 0.5, 9.25], "texture": "#0"},
				"west": {"uv": [2, 2.25, 4, 4.5], "texture": "#0"},
				"up": {"uv": [4.25, 9, 4, 7], "texture": "#0"},
				"down": {"uv": [4.5, 7, 4.25, 9], "texture": "#0"}
			}
		},
		{
			"from": [5, 0, 11],
			"to": [11, 9, 12],
			"rotation": {"angle": 0, "axis": "y", "origin": [4, 0, 12]},
			"faces": {
				"north": {"uv": [4, 0, 5.5, 2.25], "texture": "#0"},
				"east": {"uv": [0.5, 7, 0.75, 9.25], "texture": "#0"},
				"south": {"uv": [4, 2.25, 5.5, 4.5], "texture": "#0"},
				"west": {"uv": [0.75, 7, 1, 9.25], "texture": "#0"},
				"up": {"uv": [9, 1.25, 7.5, 1], "texture": "#0"},
				"down": {"uv": [9, 1.25, 7.5, 1.5], "texture": "#0"}
			}
		},
		{
			"from": [5, 0, 4],
			"to": [11, 3, 6],
			"rotation": {"angle": 0, "axis": "y", "origin": [6, 0, 4]},
			"faces": {
				"north": {"uv": [5.5, 2.25, 7, 3], "texture": "#0"},
				"east": {"uv": [7.5, 1.5, 8, 2.25], "texture": "#0"},
				"south": {"uv": [5.5, 3, 7, 3.75], "texture": "#0"},
				"west": {"uv": [7.5, 4.75, 8, 5.5], "texture": "#0"},
				"up": {"uv": [7.5, 5.25, 6, 4.75], "texture": "#0"},
				"down": {"uv": [7.5, 5.25, 6, 5.75], "texture": "#0"}
			}
		},
		{
			"from": [5, 7, 4],
			"to": [11, 9, 6],
			"rotation": {"angle": 0, "axis": "y", "origin": [6, 6, 4]},
			"faces": {
				"north": {"uv": [6, 5.75, 7.5, 6.25], "texture": "#0"},
				"east": {"uv": [7.5, 3.75, 8, 4.25], "texture": "#0"},
				"south": {"uv": [2, 6.25, 3.5, 6.75], "texture": "#0"},
				"west": {"uv": [7.75, 5.5, 8.25, 6], "texture": "#0"},
				"up": {"uv": [7.5, 6.75, 6, 6.25], "texture": "#0"},
				"down": {"uv": [1.5, 6.5, 0, 7], "texture": "#0"}
			}
		},
		{
			"from": [5, 3, 4],
			"to": [6, 4, 6],
			"rotation": {"angle": 0, "axis": "y", "origin": [5, 3, 4]},
			"faces": {
				"north": {"uv": [8.5, 0, 8.75, 0.25], "texture": "#0"},
				"east": {"uv": [5.5, 4.25, 6, 4.5], "texture": "#0"},
				"south": {"uv": [8.5, 0.25, 8.75, 0.5], "texture": "#0"},
				"west": {"uv": [3.5, 6.25, 4, 6.5], "texture": "#0"},
				"up": {"uv": [8.25, 5.25, 8, 4.75], "texture": "#0"},
				"down": {"uv": [8.25, 6.75, 8, 7.25], "texture": "#0"}
			}
		},
		{
			"from": [5, 6, 4],
			"to": [6, 7, 6],
			"rotation": {"angle": 0, "axis": "y", "origin": [5, 6, 4]},
			"faces": {
				"north": {"uv": [8.5, 0.5, 8.75, 0.75], "texture": "#0"},
				"east": {"uv": [1.5, 6.5, 2, 6.75], "texture": "#0"},
				"south": {"uv": [8.5, 0.75, 8.75, 1], "texture": "#0"},
				"west": {"uv": [8, 5.25, 8.5, 5.5], "texture": "#0"},
				"up": {"uv": [8.25, 8.25, 8, 7.75], "texture": "#0"},
				"down": {"uv": [8.5, 1.5, 8.25, 2], "texture": "#0"}
			}
		},
		{
			"from": [10, 6, 4],
			"to": [11, 7, 6],
			"rotation": {"angle": 0, "axis": "y", "origin": [10, 6, 4]},
			"faces": {
				"north": {"uv": [8.5, 1.5, 8.75, 1.75], "texture": "#0"},
				"east": {"uv": [8.25, 2, 8.75, 2.25], "texture": "#0"},
				"south": {"uv": [8.5, 1.75, 8.75, 2], "texture": "#0"},
				"west": {"uv": [8.25, 3.25, 8.75, 3.5], "texture": "#0"},
				"up": {"uv": [8.5, 4, 8.25, 3.5], "texture": "#0"},
				"down": {"uv": [8.5, 4, 8.25, 4.5], "texture": "#0"}
			}
		},
		{
			"from": [10, 3, 4],
			"to": [11, 4, 6],
			"rotation": {"angle": 0, "axis": "y", "origin": [10, 3, 4]},
			"faces": {
				"north": {"uv": [8.5, 3.5, 8.75, 3.75], "texture": "#0"},
				"east": {"uv": [8.25, 4.5, 8.75, 4.75], "texture": "#0"},
				"south": {"uv": [8.5, 3.75, 8.75, 4], "texture": "#0"},
				"west": {"uv": [8.25, 4.75, 8.75, 5], "texture": "#0"},
				"up": {"uv": [8.5, 6, 8.25, 5.5], "texture": "#0"},
				"down": {"uv": [8.5, 6, 8.25, 6.5], "texture": "#0"}
			}
		},
		{
			"from": [11, 9, 4],
			"to": [12, 13, 12],
			"rotation": {"angle": 0, "axis": "y", "origin": [10, 9, 5]},
			"faces": {
				"north": {"uv": [7.5, 5.5, 7.75, 6.5], "texture": "#0"},
				"east": {"uv": [0, 4.5, 2, 5.5], "texture": "#0"},
				"south": {"uv": [7.5, 7.25, 7.75, 8.25], "texture": "#0"},
				"west": {"uv": [2, 4.5, 4, 5.5], "texture": "#0"},
				"up": {"uv": [1.25, 9, 1, 7], "texture": "#0"},
				"down": {"uv": [1.5, 7, 1.25, 9], "texture": "#0"}
			}
		},
		{
			"from": [10, 9, 4],
			"to": [11, 12, 12],
			"rotation": {"angle": 0, "axis": "y", "origin": [9, 9, 5]},
			"faces": {
				"north": {"uv": [7.75, 7.75, 8, 8.5], "texture": "#0"},
				"east": {"uv": [5.5, 0, 7.5, 0.75], "texture": "#0"},
				"south": {"uv": [8, 1.5, 8.25, 2.25], "texture": "#0"},
				"west": {"uv": [5.5, 0.75, 7.5, 1.5], "texture": "#0"},
				"up": {"uv": [4.75, 9, 4.5, 7], "texture": "#0"},
				"down": {"uv": [5, 7, 4.75, 9], "texture": "#0"}
			}
		},
		{
			"from": [9, 9, 4],
			"to": [10, 11, 12],
			"rotation": {"angle": 0, "axis": "y", "origin": [8, 9, 5]},
			"faces": {
				"north": {"uv": [8.25, 6.75, 8.5, 7.25], "texture": "#0"},
				"east": {"uv": [5.5, 3.75, 7.5, 4.25], "texture": "#0"},
				"south": {"uv": [7, 8.25, 7.25, 8.75], "texture": "#0"},
				"west": {"uv": [4, 5.5, 6, 6], "texture": "#0"},
				"up": {"uv": [1.75, 9.25, 1.5, 7.25], "texture": "#0"},
				"down": {"uv": [2, 7.25, 1.75, 9.25], "texture": "#0"}
			}
		},
		{
			"from": [8, 9, 4],
			"to": [9, 10, 12],
			"rotation": {"angle": 0, "axis": "y", "origin": [7, 9, 5]},
			"faces": {
				"north": {"uv": [8.5, 4, 8.75, 4.25], "texture": "#0"},
				"east": {"uv": [7, 2.25, 9, 2.5], "texture": "#0"},
				"south": {"uv": [8.5, 4.25, 8.75, 4.5], "texture": "#0"},
				"west": {"uv": [7, 2.5, 9, 2.75], "texture": "#0"},
				"up": {"uv": [2.25, 9.25, 2, 7.25], "texture": "#0"},
				"down": {"uv": [2.5, 7.25, 2.25, 9.25], "texture": "#0"}
			}
		},
		{
			"from": [4, 9, 4],
			"to": [5, 13, 12],
			"rotation": {"angle": 0, "axis": "y", "origin": [3, 9, 5]},
			"faces": {
				"north": {"uv": [6.5, 7.75, 6.75, 8.75], "texture": "#0"},
				"east": {"uv": [4, 4.5, 6, 5.5], "texture": "#0"},
				"south": {"uv": [6.75, 7.75, 7, 8.75], "texture": "#0"},
				"west": {"uv": [0, 5.5, 2, 6.5], "texture": "#0"},
				"up": {"uv": [2.75, 9.25, 2.5, 7.25], "texture": "#0"},
				"down": {"uv": [3, 7.25, 2.75, 9.25], "texture": "#0"}
			}
		},
		{
			"from": [5, 9, 4],
			"to": [6, 12, 12],
			"rotation": {"angle": 0, "axis": "y", "origin": [4, 9, 5]},
			"faces": {
				"north": {"uv": [8, 3.25, 8.25, 4], "texture": "#0"},
				"east": {"uv": [5.5, 1.5, 7.5, 2.25], "texture": "#0"},
				"south": {"uv": [8, 4, 8.25, 4.75], "texture": "#0"},
				"west": {"uv": [2, 5.5, 4, 6.25], "texture": "#0"},
				"up": {"uv": [5.25, 9.25, 5, 7.25], "texture": "#0"},
				"down": {"uv": [5.5, 7.25, 5.25, 9.25], "texture": "#0"}
			}
		},
		{
			"from": [6, 9, 4],
			"to": [7, 11, 12],
			"rotation": {"angle": 0, "axis": "y", "origin": [5, 9, 5]},
			"faces": {
				"north": {"uv": [7.25, 8.25, 7.5, 8.75], "texture": "#0"},
				"east": {"uv": [4, 6, 6, 6.5], "texture": "#0"},
				"south": {"uv": [7.5, 8.25, 7.75, 8.75], "texture": "#0"},
				"west": {"uv": [6, 4.25, 8, 4.75], "texture": "#0"},
				"up": {"uv": [5.75, 9.25, 5.5, 7.25], "texture": "#0"},
				"down": {"uv": [6, 7.25, 5.75, 9.25], "texture": "#0"}
			}
		},
		{
			"from": [7, 9, 4],
			"to": [8, 10, 12],
			"rotation": {"angle": 0, "axis": "y", "origin": [6, 9, 5]},
			"faces": {
				"north": {"uv": [8.5, 5.25, 8.75, 5.5], "texture": "#0"},
				"east": {"uv": [7, 2.75, 9, 3], "texture": "#0"},
				"south": {"uv": [8.5, 5.5, 8.75, 5.75], "texture": "#0"},
				"west": {"uv": [7, 3, 9, 3.25], "texture": "#0"},
				"up": {"uv": [6.25, 9.25, 6, 7.25], "texture": "#0"},
				"down": {"uv": [6.5, 7.25, 6.25, 9.25], "texture": "#0"}
			}
		},
		{
			"from": [5, 4, 5],
			"to": [11, 6, 7],
			"rotation": {"angle": 0, "axis": "y", "origin": [6, 4, 5]},
			"faces": {
				"north": {"uv": [3.5, 6.5, 5, 7], "texture": "#0"},
				"east": {"uv": [7.75, 6, 8.25, 6.5], "texture": "#0"},
				"south": {"uv": [1.5, 6.75, 3, 7.25], "texture": "#0"},
				"west": {"uv": [7, 7.75, 7.5, 8.25], "texture": "#0"},
				"up": {"uv": [6.5, 7.25, 5, 6.75], "texture": "#0"},
				"down": {"uv": [8, 6.75, 6.5, 7.25], "texture": "#0"}
			}
		},
		{
			"from": [6, 3, 5],
			"to": [10, 4, 7],
			"rotation": {"angle": 0, "axis": "y", "origin": [7, 2, 5]},
			"faces": {
				"north": {"uv": [5, 6.5, 6, 6.75], "texture": "#0"},
				"east": {"uv": [8.25, 5, 8.75, 5.25], "texture": "#0"},
				"south": {"uv": [7.5, 6.5, 8.5, 6.75], "texture": "#0"},
				"west": {"uv": [8.25, 7.75, 8.75, 8], "texture": "#0"},
				"up": {"uv": [8, 3.75, 7, 3.25], "texture": "#0"},
				"down": {"uv": [7.5, 7.25, 6.5, 7.75], "texture": "#0"}
			}
		},
		{
			"from": [6, 6, 5],
			"to": [10, 7, 7],
			"rotation": {"angle": 0, "axis": "y", "origin": [7, 5, 5]},
			"faces": {
				"north": {"uv": [7.75, 7.25, 8.75, 7.5], "texture": "#0"},
				"east": {"uv": [8, 8.25, 8.5, 8.5], "texture": "#0"},
				"south": {"uv": [7.75, 7.5, 8.75, 7.75], "texture": "#0"},
				"west": {"uv": [8.25, 8, 8.75, 8.25], "texture": "#0"},
				"up": {"uv": [8.5, 0.5, 7.5, 0], "texture": "#0"},
				"down": {"uv": [8.5, 0.5, 7.5, 1], "texture": "#0"}
			}
		}
	],
	"display": {
		"thirdperson_righthand": {
			"translation": [0, 1.5, 1.5],
			"scale": [0.6, 0.6, 0.6]
		},
		"thirdperson_lefthand": {
			"translation": [0, 1.5, 1.5],
			"scale": [0.6, 0.6, 0.6]
		},
		"firstperson_righthand": {
			"rotation": [0, 180, 0],
			"translation": [1, 4.75, 0],
			"scale": [0.6, 0.6, 0.6]
		},
		"firstperson_lefthand": {
			"rotation": [0, 180, 0],
			"translation": [1, 4.75, 0],
			"scale": [0.6, 0.6, 0.6]
		},
		"ground": {
			"translation": [0, 2.75, 0],
			"scale": [0.6, 0.6, 0.6]
		},
		"gui": {
			"rotation": [-180, 0, -180],
			"translation": [0, 1.75, 0]
		},
		"head": {
			"translation": [0, 11.5, 0],
			"scale": [0.6, 0.6, 0.6]
		},
		"fixed": {
			"translation": [0, 0, 2.75]
		}
	},
	"groups": [
		{
			"name": "root",
			"origin": [7, 0, 7],
			"color": 0,
			"children": [
				{
					"name": "body",
					"origin": [7, 0, 7],
					"color": 0,
					"children": [0, 1, 2, 3, 4, 5, 6, 7, 8]
				},
				{
					"name": "ear_left",
					"origin": [8, 8, 8],
					"color": 0,
					"children": [9, 10, 11, 12]
				},
				{
					"name": "ear_right",
					"origin": [8, 8, 8],
					"color": 0,
					"children": [13, 14, 15, 16]
				},
				{
					"name": "eye",
					"origin": [0, 0, 0],
					"color": 0,
					"children": [17, 18, 19]
				}
			]
		}
	]
}