{
	"credit": "Made with Blockbench",
	"texture_size": [32, 32],
	"textures": {
		"0": "minecraft:item/raw_iron",
		"particle": "minecraft:item/raw_iron"
	},
	"elements": [
		{
			"from": [7, 9, 7],
			"to": [9, 11, 9],
			"rotation": {"angle": 0, "axis": "y", "origin": [7, 9, 7]},
			"faces": {
				"north": {"uv": [6, 0, 7, 1], "texture": "#0"},
				"east": {"uv": [6, 1, 7, 2], "texture": "#0"},
				"south": {"uv": [6, 2, 7, 3], "texture": "#0"},
				"west": {"uv": [6, 3, 7, 4], "texture": "#0"},
				"up": {"uv": [7, 5, 6, 4], "texture": "#0"},
				"down": {"uv": [7, 5, 6, 6], "texture": "#0"}
			}
		},
		{
			"from": [6, 0, 6],
			"to": [10, 10, 10],
			"rotation": {"angle": 0, "axis": "y", "origin": [6, 0, 6]},
			"faces": {
				"north": {"uv": [0, 0, 2, 5], "texture": "#0"},
				"east": {"uv": [2, 0, 4, 5], "texture": "#0"},
				"south": {"uv": [4, 0, 6, 5], "texture": "#0"},
				"west": {"uv": [0, 5, 2, 10], "texture": "#0"},
				"up": {"uv": [4, 7, 2, 5], "texture": "#0"},
				"down": {"uv": [6, 5, 4, 7], "texture": "#0"}
			}
		}
	],
	"display": {
		"thirdperson_righthand": {
			"translation": [0, -0.5, 0.75],
			"scale": [0.62, 0.62, 0.62]
		},
		"thirdperson_lefthand": {
			"translation": [0, -0.5, 0.75],
			"scale": [0.62, 0.62, 0.62]
		},
		"firstperson_righthand": {
			"translation": [2.75, 3.25, 0]
		},
		"firstperson_lefthand": {
			"translation": [2.75, 3.25, 0]
		},
		"ground": {
			"translation": [0, 2.75, 0],
			"scale": [0.62, 0.62, 0.62]
		},
		"gui": {
			"rotation": [0, 26, 0],
			"translation": [0, 2, 0]
		},
		"head": {
			"rotation": [-39, 0, 0],
			"translation": [0, 10.5, -8.75]
		},
		"fixed": {
			"translation": [0, 2.75, 0]
		}
	},
	"groups": [
		{
			"name": "button",
			"origin": [7, 9, 7],
			"color": 0,
			"children": [0, 1]
		}
	]
}