{
	"format_version": "1.21.6",
	"credit": "Made with Blockbench",
	"texture_size": [32, 32],
	"textures": {
		"0": "item/snowball"
	},
	"elements": [
		{
			"from": [5, 0, 5],
			"to": [11, 6, 11],
			"rotation": {"angle": 0, "axis": "y", "origin": [7, 0, 7]},
			"faces": {
				"north": {"uv": [0, 0, 3, 3], "texture": "#0"},
				"east": {"uv": [0, 3, 3, 6], "texture": "#0"},
				"south": {"uv": [3, 0, 6, 3], "texture": "#0"},
				"west": {"uv": [3, 3, 6, 6], "texture": "#0"},
				"up": {"uv": [3, 9, 0, 6], "texture": "#0"},
				"down": {"uv": [9, 0, 6, 3], "texture": "#0"}
			}
		},
		{
			"from": [7, 1, 3],
			"to": [9, 6, 5],
			"rotation": {"angle": 0, "axis": "y", "origin": [7, 4, 3]},
			"faces": {
				"north": {"uv": [3, 6, 4, 8.5], "texture": "#0"},
				"east": {"uv": [6, 3, 7, 5.5], "texture": "#0"},
				"south": {"uv": [4, 6, 5, 8.5], "texture": "#0"},
				"west": {"uv": [5, 6, 6, 8.5], "texture": "#0"},
				"up": {"uv": [9, 8.5, 8, 7.5], "texture": "#0"},
				"down": {"uv": [4, 8.5, 3, 9.5], "texture": "#0"}
			}
		},
		{
			"from": [7, 6, 4],
			"to": [9, 8, 6],
			"rotation": {"angle": 0, "axis": "y", "origin": [7, 6, 4]},
			"faces": {
				"north": {"uv": [8.5, 3, 9.5, 4], "texture": "#0"},
				"east": {"uv": [4, 8.5, 5, 9.5], "texture": "#0"},
				"south": {"uv": [8.5, 4, 9.5, 5], "texture": "#0"},
				"west": {"uv": [5, 8.5, 6, 9.5], "texture": "#0"},
				"up": {"uv": [9.5, 6, 8.5, 5], "texture": "#0"},
				"down": {"uv": [7, 8.5, 6, 9.5], "texture": "#0"}
			}
		},
		{
			"from": [7, 6, 6],
			"to": [9, 9, 9],
			"rotation": {"angle": 0, "axis": "y", "origin": [7, 6, 7]},
			"faces": {
				"north": {"uv": [6, 7, 7, 8.5], "texture": "#0"},
				"east": {"uv": [6, 5.5, 7.5, 7], "texture": "#0"},
				"south": {"uv": [7, 7, 8, 8.5], "texture": "#0"},
				"west": {"uv": [7, 3, 8.5, 4.5], "texture": "#0"},
				"up": {"uv": [8.5, 6, 7.5, 4.5], "texture": "#0"},
				"down": {"uv": [9, 6, 8, 7.5], "texture": "#0"}
			}
		},
		{
			"from": [6, 7, 6],
			"to": [8, 9, 7],
			"rotation": {"angle": -22.5, "axis": "x", "origin": [6, 6, 6]},
			"faces": {
				"north": {"uv": [7, 8.5, 8, 9.5], "texture": "#0"},
				"east": {"uv": [7, 4.5, 7.5, 5.5], "texture": "#0"},
				"south": {"uv": [8, 8.5, 9, 9.5], "texture": "#0"},
				"west": {"uv": [7.5, 6, 8, 7], "texture": "#0"},
				"up": {"uv": [1, 9.5, 0, 9], "texture": "#0"},
				"down": {"uv": [10, 0, 9, 0.5], "texture": "#0"}
			}
		}
	],
	"gui_light": "front",
	"display": {
		"thirdperson_righthand": {
			"rotation": [0, 171, 0],
			"translation": [0, 2.25, 0],
			"scale": [0.5, 0.5, 0.5]
		},
		"thirdperson_lefthand": {
			"rotation": [0, 171, 0],
			"translation": [0, 2.25, 0],
			"scale": [0.5, 0.5, 0.5]
		},
		"firstperson_righthand": {
			"rotation": [0, -180, 0],
			"translation": [2, 4.5, 0],
			"scale": [0.8, 0.8, 0.8]
		},
		"firstperson_lefthand": {
			"rotation": [0, -180, 0],
			"translation": [2, 4.5, 0],
			"scale": [0.8, 0.8, 0.8]
		},
		"ground": {
			"translation": [0, 3, 0],
			"scale": [0.5, 0.5, 0.5]
		},
		"gui": {
			"rotation": [0, -125, 0],
			"translation": [0, 3.25, 0]
		},
		"head": {
			"rotation": [0, 105, 0],
			"translation": [0, 14, 0]
		},
		"fixed": {
			"rotation": [0, 90, 0],
			"translation": [0, 4, 0]
		}
	},
	"groups": [
		0,
		{
			"name": "top",
			"origin": [8, 8, 8],
			"color": 0,
			"children": [1, 2, 3]
		},
		{
			"name": "ring",
			"origin": [8, 8, 8],
			"color": 0,
			"children": [4]
		}
	]
}